Imagen,Etiqueta Real,Predicci√≥n
2611.jpg,5p,5p
1112.jpg,3p,3p
3553.jpg,5p,5p
3389.jpg,5p,3p
1416.jpg,3p,3p
3079.jpg,5p,5p
1071.jpg,3p,3p
1531.jpg,3p,3p
2002.jpg,3p,3p
3282.jpg,5p,5p
3517.jpg,5p,5p
2334.jpg,3p,3p
2469.jpg,5p,5p
1129.jpg,3p,3p
1368.jpg,3p,3p
3459.jpg,5p,5p
3012.jpg,5p,5p
2115.jpg,3p,3p
1375.jpg,3p,3p
3041.jpg,5p,5p
1276.jpg,3p,3p
2246.jpg,3p,3p
2625.jpg,5p,5p
2432.jpg,5p,5p
1213.jpg,3p,3p
2162.jpg,3p,3p
1136.jpg,3p,3p
3177.jpg,5p,3p
3365.jpg,5p,5p
3497.jpg,5p,5p
2039.jpg,3p,5p
2242.jpg,3p,3p
3250.jpg,5p,5p
3279.jpg,5p,3p
1232.jpg,3p,3p
3397.jpg,5p,5p
2361.jpg,5p,5p
2426.jpg,5p,5p
1594.jpg,3p,3p
3447.jpg,5p,3p
1586.jpg,3p,3p
1325.jpg,3p,3p
1367.jpg,3p,3p
1556.jpg,3p,3p
2627.jpg,5p,5p
2503.jpg,5p,5p
1415.jpg,3p,3p
3412.jpg,5p,3p
1100.jpg,3p,3p
3396.jpg,5p,5p
3219.jpg,5p,5p
3533.jpg,5p,3p
3138.jpg,5p,5p
1238.jpg,3p,3p
1290.jpg,3p,3p
3581.jpg,5p,3p
3443.jpg,5p,3p
1383.jpg,3p,3p
2191.jpg,3p,3p
3142.jpg,5p,5p
2488.jpg,5p,5p
3231.jpg,5p,5p
2223.jpg,3p,3p
3584.jpg,5p,5p
1298.jpg,3p,3p
2581.jpg,5p,5p
2359.jpg,5p,5p
3105.jpg,5p,5p
2062.jpg,3p,3p
3199.jpg,5p,5p
3187.jpg,5p,5p
3568.jpg,5p,5p
3609.jpg,5p,3p
1066.jpg,3p,3p
2442.jpg,5p,5p
2596.jpg,5p,5p
3207.jpg,5p,3p
2301.jpg,3p,3p
1030.jpg,3p,3p
1611.jpg,3p,3p
2572.jpg,5p,5p
2092.jpg,3p,3p
3556.jpg,5p,5p
3234.jpg,5p,5p
1573.jpg,3p,3p
3039.jpg,5p,5p
1332.jpg,3p,3p
3280.jpg,5p,5p
3274.jpg,5p,5p
1486.jpg,3p,3p
3531.jpg,5p,5p
1414.jpg,3p,3p
3474.jpg,5p,5p
2671.jpg,5p,5p
1454.jpg,3p,3p
1439.jpg,3p,3p
2348.jpg,5p,5p
2435.jpg,5p,5p
3379.jpg,5p,5p
2079.jpg,3p,3p
1323.jpg,3p,3p
3335.jpg,5p,3p
3392.jpg,5p,5p
1197.jpg,3p,3p
2321.jpg,3p,3p
1597.jpg,3p,3p
1121.jpg,3p,5p
3136.jpg,5p,5p
3323.jpg,5p,5p
2144.jpg,3p,3p
1110.jpg,3p,3p
1306.jpg,3p,3p
3163.jpg,5p,5p
3089.jpg,5p,5p
3561.jpg,5p,5p
2140.jpg,3p,3p
1345.jpg,3p,3p
1428.jpg,3p,3p
1562.jpg,3p,3p
2517.jpg,5p,5p
2230.jpg,3p,5p
3065.jpg,5p,5p
3551.jpg,5p,5p
3306.jpg,5p,5p
3029.jpg,5p,5p
1614.jpg,3p,3p
2363.jpg,5p,5p
3073.jpg,5p,3p
2173.jpg,3p,3p
2095.jpg,3p,3p
1612.jpg,3p,3p
3043.jpg,5p,5p
1515.jpg,3p,3p
2548.jpg,5p,5p
1252.jpg,3p,3p
3576.jpg,5p,3p
3612.jpg,5p,5p
1481.jpg,3p,3p
1528.jpg,3p,3p
1240.jpg,3p,3p
3318.jpg,5p,5p
3294.jpg,5p,5p
2317.jpg,3p,3p
1255.jpg,3p,3p
3603.jpg,5p,5p
2606.jpg,5p,5p
2439.jpg,5p,5p
2422.jpg,5p,5p
2364.jpg,5p,5p
1519.jpg,3p,3p
2595.jpg,5p,5p
2460.jpg,5p,5p
3137.jpg,5p,5p
2085.jpg,3p,3p
1024.jpg,3p,3p
1307.jpg,3p,3p
1064.jpg,3p,3p
1426.jpg,3p,3p
1304.jpg,3p,3p
3413.jpg,5p,5p
2100.jpg,3p,3p
1430.jpg,3p,3p
3444.jpg,5p,3p
2306.jpg,3p,3p
1189.jpg,3p,3p
3596.jpg,5p,5p
2566.jpg,5p,5p
3559.jpg,5p,5p
3106.jpg,5p,5p
3091.jpg,5p,5p
2244.jpg,3p,3p
1555.jpg,3p,3p
1417.jpg,3p,3p
2513.jpg,5p,5p
3049.jpg,5p,3p
1603.jpg,3p,3p
3155.jpg,5p,5p
1116.jpg,3p,3p
3201.jpg,5p,5p
2150.jpg,3p,5p
1527.jpg,3p,3p
2250.jpg,3p,3p
3249.jpg,5p,5p
1592.jpg,3p,3p
2105.jpg,3p,3p
2564.jpg,5p,5p
1421.jpg,3p,3p
3178.jpg,5p,5p
1174.jpg,3p,3p
3317.jpg,5p,5p
2589.jpg,5p,5p
3543.jpg,5p,5p
1483.jpg,3p,3p
2157.jpg,3p,3p
2353.jpg,5p,5p
2390.jpg,5p,5p
1033.jpg,3p,3p
2264.jpg,3p,3p
1204.jpg,3p,3p
1271.jpg,3p,3p
1125.jpg,3p,3p
3258.jpg,5p,3p
1164.jpg,3p,3p
3157.jpg,5p,5p
2035.jpg,3p,3p
2555.jpg,5p,5p
2630.jpg,5p,5p
1050.jpg,3p,3p
2249.jpg,3p,3p
1234.jpg,3p,3p
3027.jpg,5p,3p
2159.jpg,3p,3p
2458.jpg,5p,5p
3300.jpg,5p,5p
3285.jpg,5p,5p
1257.jpg,3p,3p
1248.jpg,3p,3p
1352.jpg,3p,3p
1219.jpg,3p,3p
1366.jpg,3p,3p
3329.jpg,5p,3p
1353.jpg,3p,3p
3472.jpg,5p,5p
3587.jpg,5p,5p
1221.jpg,3p,3p
1299.jpg,3p,3p
3269.jpg,5p,5p
1079.jpg,3p,3p
1060.jpg,3p,3p
2064.jpg,3p,3p
1351.jpg,3p,3p
2384.jpg,5p,5p
2550.jpg,5p,5p
1317.jpg,3p,3p
1074.jpg,3p,3p
2570.jpg,5p,5p
3313.jpg,5p,5p
1211.jpg,3p,3p
1070.jpg,3p,3p
1163.jpg,3p,3p
2288.jpg,3p,3p
2003.jpg,3p,3p
3520.jpg,5p,5p
3448.jpg,5p,3p
2005.jpg,3p,3p
1496.jpg,3p,5p
2415.jpg,5p,5p
3498.jpg,5p,3p
2358.jpg,5p,5p
1539.jpg,3p,3p
3096.jpg,5p,5p
1046.jpg,3p,3p
2657.jpg,5p,5p
3188.jpg,5p,3p
3450.jpg,5p,5p
2641.jpg,5p,5p
2501.jpg,5p,5p
1077.jpg,3p,3p
3537.jpg,5p,5p
3060.jpg,5p,5p
3149.jpg,5p,5p
3620.jpg,5p,5p
2383.jpg,5p,5p
2077.jpg,3p,3p
3194.jpg,5p,5p
1031.jpg,3p,3p
3063.jpg,5p,5p
2328.jpg,3p,5p
2226.jpg,3p,3p
2643.jpg,5p,5p
1451.jpg,3p,3p
1433.jpg,3p,3p
3193.jpg,5p,5p
3210.jpg,5p,5p
3613.jpg,5p,5p
3216.jpg,5p,3p
1045.jpg,3p,3p
2391.jpg,5p,5p
1169.jpg,3p,3p
1576.jpg,3p,3p
1355.jpg,3p,3p
3545.jpg,5p,5p
1553.jpg,3p,3p
3036.jpg,5p,5p
3107.jpg,5p,5p
3492.jpg,5p,5p
1577.jpg,3p,3p
1530.jpg,3p,3p
3347.jpg,5p,3p
2599.jpg,5p,5p
1186.jpg,3p,3p
2326.jpg,3p,3p
3337.jpg,5p,5p
1308.jpg,3p,3p
3560.jpg,5p,5p
1480.jpg,3p,3p
3566.jpg,5p,3p
3081.jpg,5p,5p
3011.jpg,5p,5p
3044.jpg,5p,3p
3416.jpg,5p,5p
3181.jpg,5p,5p
3251.jpg,5p,5p
1124.jpg,3p,3p
1412.jpg,3p,3p
1484.jpg,3p,3p
2379.jpg,5p,5p
2549.jpg,5p,5p
2666.jpg,5p,5p
2302.jpg,3p,3p
3528.jpg,5p,5p
1195.jpg,3p,3p
1520.jpg,3p,3p
2649.jpg,5p,5p
3350.jpg,5p,5p
2591.jpg,5p,5p
1267.jpg,3p,3p
2646.jpg,5p,5p
1068.jpg,3p,3p
1472.jpg,3p,3p
2373.jpg,5p,5p
1533.jpg,3p,3p
1440.jpg,3p,3p
3057.jpg,5p,5p
1384.jpg,3p,3p
3393.jpg,5p,5p
2192.jpg,3p,3p
1362.jpg,3p,5p
3264.jpg,5p,5p
2347.jpg,5p,5p
1343.jpg,3p,3p
3353.jpg,5p,3p
3222.jpg,5p,5p
3535.jpg,5p,3p
2522.jpg,5p,5p
1571.jpg,3p,3p
1465.jpg,3p,3p
2013.jpg,3p,3p
3507.jpg,5p,5p
2418.jpg,5p,5p
1262.jpg,3p,3p
2617.jpg,5p,3p
1241.jpg,3p,3p
3439.jpg,5p,5p
2016.jpg,3p,3p
2054.jpg,3p,3p
2419.jpg,5p,5p
2635.jpg,5p,5p
2311.jpg,3p,5p
1536.jpg,3p,3p
2055.jpg,3p,3p
2668.jpg,5p,5p
2078.jpg,3p,3p
1072.jpg,3p,3p
1610.jpg,3p,3p
1260.jpg,3p,3p
1052.jpg,3p,5p
2656.jpg,5p,5p
3487.jpg,5p,3p
1591.jpg,3p,3p
1333.jpg,3p,3p
3006.jpg,5p,5p
3428.jpg,5p,5p
2567.jpg,5p,5p
1399.jpg,3p,3p
3324.jpg,5p,3p
2203.jpg,3p,3p
1549.jpg,3p,3p
1600.jpg,3p,3p
3420.jpg,5p,5p
3183.jpg,5p,3p
2272.jpg,3p,3p
3598.jpg,5p,5p
1495.jpg,3p,5p
3053.jpg,5p,5p
1193.jpg,3p,3p
1558.jpg,3p,3p
2605.jpg,5p,5p
3548.jpg,5p,5p
2118.jpg,3p,3p
1585.jpg,3p,3p
2197.jpg,3p,3p
1142.jpg,3p,5p
3015.jpg,5p,5p
2509.jpg,5p,5p
3494.jpg,5p,3p
1340.jpg,3p,3p
3104.jpg,5p,5p
1463.jpg,3p,3p
2659.jpg,5p,5p
3288.jpg,5p,5p
1395.jpg,3p,3p
1272.jpg,3p,3p
1185.jpg,3p,3p
3056.jpg,5p,3p
1245.jpg,3p,3p
1487.jpg,3p,3p
1544.jpg,3p,5p
2130.jpg,3p,3p
1427.jpg,3p,3p
2650.jpg,5p,5p
3424.jpg,5p,3p
2004.jpg,3p,3p
2386.jpg,5p,5p
2440.jpg,5p,5p
3130.jpg,5p,5p
3100.jpg,5p,5p
1251.jpg,3p,3p
3386.jpg,5p,5p
3093.jpg,5p,5p
2086.jpg,3p,3p
3394.jpg,5p,5p
1382.jpg,3p,3p
1434.jpg,3p,3p
2408.jpg,5p,5p
3457.jpg,5p,3p
2562.jpg,5p,5p
3003.jpg,5p,5p
1409.jpg,3p,3p
3415.jpg,5p,3p
3286.jpg,5p,5p
2234.jpg,3p,3p
3599.jpg,5p,5p
3265.jpg,5p,3p
3287.jpg,5p,5p
1183.jpg,3p,3p
2577.jpg,5p,5p
1171.jpg,3p,3p
1293.jpg,3p,3p
3540.jpg,5p,5p
1535.jpg,3p,5p
1301.jpg,3p,3p
3500.jpg,5p,5p
2289.jpg,3p,3p
3291.jpg,5p,5p
3140.jpg,5p,5p
3552.jpg,5p,5p
2372.jpg,5p,5p
3513.jpg,5p,5p
2205.jpg,3p,3p
1423.jpg,3p,3p
1372.jpg,3p,3p
3182.jpg,5p,3p
2209.jpg,3p,3p
1599.jpg,3p,3p
2335.jpg,3p,5p
2495.jpg,5p,5p
1176.jpg,3p,3p
1545.jpg,3p,3p
2327.jpg,3p,3p
2324.jpg,3p,5p
2090.jpg,3p,3p
1335.jpg,3p,3p
2221.jpg,3p,3p
2349.jpg,5p,5p
2496.jpg,5p,5p
2370.jpg,5p,5p
3256.jpg,5p,5p
2107.jpg,3p,3p
3144.jpg,5p,5p
1199.jpg,3p,3p
1016.jpg,3p,3p
1266.jpg,3p,3p
3031.jpg,5p,5p
2149.jpg,3p,3p
2286.jpg,3p,3p
2428.jpg,5p,5p
2278.jpg,3p,3p
1584.jpg,3p,3p
2194.jpg,3p,3p
2498.jpg,5p,5p
3273.jpg,5p,5p
1466.jpg,3p,3p
2561.jpg,5p,5p
1200.jpg,3p,3p
3072.jpg,5p,5p
3334.jpg,5p,3p
3118.jpg,5p,5p
2065.jpg,3p,3p
2490.jpg,5p,5p
2310.jpg,3p,3p
1479.jpg,3p,3p
2412.jpg,5p,5p
2624.jpg,5p,5p
2156.jpg,3p,5p
2583.jpg,5p,5p
2258.jpg,3p,3p
1589.jpg,3p,3p
2411.jpg,5p,5p
1311.jpg,3p,3p
1057.jpg,3p,5p
1608.jpg,3p,3p
2323.jpg,3p,3p
2618.jpg,5p,3p
2097.jpg,3p,3p
2378.jpg,5p,5p
1044.jpg,3p,3p
1101.jpg,3p,3p
1275.jpg,3p,3p
3046.jpg,5p,3p
1354.jpg,3p,3p
1102.jpg,3p,3p
3102.jpg,5p,5p
2193.jpg,3p,3p
2254.jpg,3p,3p
1108.jpg,3p,3p
2554.jpg,5p,5p
1498.jpg,3p,3p
3602.jpg,5p,5p
3165.jpg,5p,5p
2187.jpg,3p,3p
3254.jpg,5p,3p
3248.jpg,5p,5p
2437.jpg,5p,5p
2621.jpg,5p,5p
2271.jpg,3p,3p
2464.jpg,5p,5p
1073.jpg,3p,3p
3572.jpg,5p,5p
3263.jpg,5p,5p
2497.jpg,5p,5p
3289.jpg,5p,5p
1482.jpg,3p,3p
2536.jpg,5p,5p
1507.jpg,3p,3p
1615.jpg,3p,3p
3526.jpg,5p,5p
3611.jpg,5p,5p
2059.jpg,3p,3p
2166.jpg,3p,3p
3087.jpg,5p,5p
2142.jpg,3p,3p
1406.jpg,3p,3p
2022.jpg,3p,3p
2608.jpg,5p,5p
1310.jpg,3p,3p
1227.jpg,3p,3p
3336.jpg,5p,3p
2152.jpg,3p,5p
3173.jpg,5p,3p
2137.jpg,3p,3p
2217.jpg,3p,3p
1149.jpg,3p,3p
1568.jpg,3p,3p
2036.jpg,3p,3p
2141.jpg,3p,5p
2129.jpg,3p,3p
3069.jpg,5p,5p
2198.jpg,3p,3p
2485.jpg,5p,5p
2669.jpg,5p,5p
2491.jpg,5p,5p
3275.jpg,5p,5p
1287.jpg,3p,3p
3245.jpg,5p,5p
2259.jpg,3p,3p
3051.jpg,5p,3p
3277.jpg,5p,5p
3230.jpg,5p,5p
2351.jpg,5p,5p
2558.jpg,5p,5p
3205.jpg,5p,5p
2315.jpg,3p,3p
1583.jpg,3p,3p
3206.jpg,5p,3p
3527.jpg,5p,5p
3601.jpg,5p,5p
3304.jpg,5p,5p
3068.jpg,5p,5p
2299.jpg,3p,5p
1494.jpg,3p,3p
3406.jpg,5p,5p
1278.jpg,3p,3p
